{
  "1677486377074_56.639291854056_47.890889954250.jpg": {
    "height": 36,
    "label": "3_27",
    "width": 36,
    "x_from": 1080,
    "y_from": 540
  },
  "1677486378104_56.639275207806_47.890988629361.jpg": {
    "height": 47,
    "label": "3_27",
    "width": 48,
    "x_from": 1126,
    "y_from": 495
  },
  "1677486379106_56.639252454750_47.891101877000.jpg": {
    "height": 66,
    "label": "3_27",
    "width": 64,
    "x_from": 1245,
    "y_from": 441
  },
  "1677486380136_56.639229259306_47.891211690194.jpg": {
    "height": 116,
    "label": "3_27",
    "width": 119,
    "x_from": 1567,
    "y_from": 305
  }
}
